Title,Category,Rating,Price,Availability
A Light in the Attic,Poetry,Three,£51.77,In stock (22 available)
Tipping the Velvet,Historical Fiction,One,£53.74,In stock (20 available)
Soumission,Fiction,One,£50.10,In stock (20 available)
Sharp Objects,Mystery,Four,£47.82,In stock (20 available)
Sapiens: A Brief History of Humankind,History,Five,£54.23,In stock (20 available)
The Requiem Red,Young Adult,One,£22.65,In stock (19 available)
The Dirty Little Secrets of Getting Your Dream Job,Business,Four,£33.34,In stock (19 available)
"The Coming Woman: A Novel Based on the Life of the Infamous Feminist, Victoria Woodhull",Default,Three,£17.93,In stock (19 available)
The Boys in the Boat: Nine Americans and Their Epic Quest for Gold at the 1936 Berlin Olympics,Default,Four,£22.60,In stock (19 available)
The Black Maria,Poetry,One,£52.15,In stock (19 available)
"Starving Hearts (Triangular Trade Trilogy, #1)",Default,Two,£13.99,In stock (19 available)
Shakespeare's Sonnets,Poetry,Four,£20.66,In stock (19 available)
Set Me Free,Young Adult,Five,£17.46,In stock (19 available)
Scott Pilgrim's Precious Little Life (Scott Pilgrim #1),Sequential Art,Five,£52.29,In stock (19 available)
Rip it Up and Start Again,Music,Five,£35.02,In stock (19 available)
"Our Band Could Be Your Life: Scenes from the American Indie Underground, 1981-1991",Music,Three,£57.25,In stock (19 available)
Olio,Poetry,One,£23.88,In stock (19 available)
Mesaerion: The Best Science Fiction Stories 1800-1849,Science Fiction,One,£37.59,In stock (19 available)
Libertarianism for Beginners,Politics,Two,£51.33,In stock (19 available)
It's Only the Himalayas,Travel,Two,£45.17,In stock (19 available)
In Her Wake,Thriller,One,£12.84,In stock (19 available)
How Music Works,Music,Two,£37.32,In stock (19 available)
"Foolproof Preserving: A Guide to Small Batch Jams, Jellies, Pickles, Condiments, and More: A Foolproof Guide to Making Small Batch Jams, Jellies, Pickles, Condiments, and More",Food and Drink,Three,£30.52,In stock (19 available)
Chase Me (Paris Nights #2),Romance,Five,£25.27,In stock (19 available)
Black Dust,Romance,Five,£34.53,In stock (19 available)
Birdsong: A Story in Pictures,Childrens,Three,£54.64,In stock (19 available)
America's Cradle of Quarterbacks: Western Pennsylvania's Football Factory from Johnny Unitas to Joe Montana,Default,Three,£22.50,In stock (19 available)
Aladdin and His Wonderful Lamp,Default,Three,£53.13,In stock (19 available)
Worlds Elsewhere: Journeys Around Shakespeare’s Globe,Nonfiction,Five,£40.30,In stock (18 available)
Wall and Piece,Art,Four,£44.18,In stock (18 available)
The Four Agreements: A Practical Guide to Personal Freedom,Spirituality,Five,£17.66,In stock (18 available)
The Five Love Languages: How to Express Heartfelt Commitment to Your Mate,Nonfiction,Three,£31.05,In stock (18 available)
The Elephant Tree,Thriller,Five,£23.82,In stock (18 available)
The Bear and the Piano,Childrens,One,£36.89,In stock (18 available)
Sophie's World,Philosophy,Five,£15.94,In stock (18 available)
Penny Maybe,Default,Three,£33.29,In stock (18 available)
Maude (1883-1993):She Grew Up with the country,Default,Two,£18.02,In stock (18 available)
"In a Dark, Dark Wood",Mystery,One,£19.63,In stock (18 available)
Behind Closed Doors,Thriller,Four,£52.22,In stock (18 available)
You can't bury them all: Poems,Poetry,Two,£33.63,In stock (17 available)
Slow States of Collapse: Poems,Poetry,Three,£57.31,In stock (17 available)
Reasons to Stay Alive,Nonfiction,Two,£26.41,In stock (17 available)
Private Paris (Private #10),Fiction,Five,£47.61,In stock (17 available)
#HigherSelfie: Wake Up Your Life. Free Your Soul. Find Your Tribe.,Nonfiction,Five,£23.11,In stock (17 available)
Without Borders (Wanderlove #1),New Adult,Two,£45.07,In stock (16 available)
When We Collided,Contemporary,One,£31.77,In stock (16 available)
"We Love You, Charlie Freeman",Fiction,Five,£50.27,In stock (16 available)
Untitled Collection: Sabbath Poems 2014,Poetry,Four,£14.27,In stock (16 available)
"Unseen City: The Majesty of Pigeons, the Discreet Charm of Snails & Other Wonders of the Urban Wilderness",Nonfiction,Four,£44.18,In stock (16 available)
Unicorn Tracks,Fantasy,Three,£18.78,In stock (16 available)
"Unbound: How Eight Technologies Made Us Human, Transformed Society, and Brought Our World to the Brink",History,One,£25.52,In stock (16 available)
Tsubasa: WoRLD CHRoNiCLE 2 (Tsubasa WoRLD CHRoNiCLE #2),Sequential Art,One,£16.28,In stock (16 available)
Throwing Rocks at the Google Bus: How Growth Became the Enemy of Prosperity,Nonfiction,Three,£31.12,In stock (16 available)
This One Summer,Sequential Art,Four,£19.49,In stock (16 available)
Thirst,Fiction,Five,£17.27,In stock (16 available)
The Torch Is Passed: A Harding Family Story,Add a comment,One,£19.09,In stock (16 available)
The Secret of Dreadwillow Carse,Childrens,One,£56.13,In stock (16 available)
"The Pioneer Woman Cooks: Dinnertime: Comfort Classics, Freezer Food, 16-Minute Meals, and Other Delicious Ways to Solve Supper!",Food and Drink,One,£56.41,In stock (16 available)
The Past Never Ends,Mystery,Four,£56.50,In stock (16 available)
The Natural History of Us (The Fine Art of Pretending #2),Young Adult,Three,£45.22,In stock (16 available)
The Nameless City (The Nameless City #1),Sequential Art,Four,£38.16,In stock (16 available)
The Murder That Never Was (Forensic Instincts #5),Fiction,Three,£54.11,In stock (16 available)
The Most Perfect Thing: Inside (and Outside) a Bird's Egg,Science,Four,£42.96,In stock (16 available)
"The Mindfulness and Acceptance Workbook for Anxiety: A Guide to Breaking Free from Anxiety, Phobias, and Worry Using Acceptance and Commitment Therapy",Add a comment,Four,£23.89,In stock (16 available)
The Life-Changing Magic of Tidying Up: The Japanese Art of Decluttering and Organizing,Nonfiction,Three,£16.77,In stock (16 available)
"The Inefficiency Assassin: Time Management Tactics for Working Smarter, Not Longer",Default,Five,£20.59,In stock (16 available)
The Gutsy Girl: Escapades for Your Life of Epic Adventure,Nonfiction,One,£37.13,In stock (16 available)
The Electric Pencil: Drawings from Inside State Hospital No. 3,Nonfiction,One,£56.06,In stock (16 available)
The Death of Humanity: and the Case for Life,Philosophy,Four,£58.11,In stock (16 available)
"The Bulletproof Diet: Lose up to a Pound a Day, Reclaim Energy and Focus, Upgrade Your Life",Health,Three,£49.05,In stock (16 available)
The Art Forger,Add a comment,Three,£40.76,In stock (16 available)
The Age of Genius: The Seventeenth Century and the Birth of the Modern Mind,History,One,£19.73,In stock (16 available)
The Activist's Tao Te Ching: Ancient Advice for a Modern Revolution,Spirituality,Five,£32.24,In stock (16 available)
Spark Joy: An Illustrated Master Class on the Art of Organizing and Tidying Up,Nonfiction,Four,£41.83,In stock (16 available)
Soul Reader,Default,Two,£39.58,In stock (16 available)
Security,Horror,Two,£39.25,In stock (16 available)
"Saga, Volume 6 (Saga (Collected Editions) #6)",Fantasy,Three,£25.02,In stock (16 available)
"Saga, Volume 5 (Saga (Collected Editions) #5)",Sequential Art,Two,£51.04,In stock (16 available)
Reskilling America: Learning to Labor in the Twenty-First Century,Nonfiction,Two,£19.83,In stock (16 available)
"Rat Queens, Vol. 3: Demons (Rat Queens (Collected Editions) #11-15)",Sequential Art,Three,£50.40,In stock (16 available)
"Princess Jellyfish 2-in-1 Omnibus, Vol. 01 (Princess Jellyfish 2-in-1 Omnibus #1)",Sequential Art,Five,£13.61,In stock (16 available)
Princess Between Worlds (Wide-Awake Princess #5),Fantasy,Five,£13.34,In stock (16 available)
"Pop Gun War, Volume 1: Gift",Sequential Art,One,£18.97,In stock (16 available)
"Political Suicide: Missteps, Peccadilloes, Bad Calls, Backroom Hijinx, Sordid Pasts, Rotten Breaks, and Just Plain Dumb Mistakes in the Annals of American Politics",History,Two,£36.28,In stock (16 available)
Patience,Sequential Art,Three,£10.16,In stock (16 available)
"Outcast, Vol. 1: A Darkness Surrounds Him (Outcast #1)",Sequential Art,Four,£15.44,In stock (16 available)
orange: The Complete Collection 1 (orange: The Complete Collection #1),Sequential Art,One,£48.41,In stock (16 available)
Online Marketing for Busy Authors: A Step-By-Step Guide,Self Help,One,£46.35,In stock (16 available)
On a Midnight Clear,Add a comment,Three,£14.07,In stock (16 available)
Obsidian (Lux #1),Young Adult,Two,£14.86,In stock (16 available)
My Paris Kitchen: Recipes and Stories,Food and Drink,Two,£33.37,In stock (16 available)
Masks and Shadows,Fantasy,Two,£56.40,In stock (16 available)
"Mama Tried: Traditional Italian Cooking for the Screwed, Crude, Vegan, and Tattooed",Food and Drink,Four,£14.02,In stock (16 available)
"Lumberjanes, Vol. 2: Friendship to the Max (Lumberjanes #5-8)",Sequential Art,Two,£46.91,In stock (16 available)
"Lumberjanes, Vol. 1: Beware the Kitten Holy (Lumberjanes #1-4)",Sequential Art,Three,£45.61,In stock (16 available)
Lumberjanes Vol. 3: A Terrible Plan (Lumberjanes #9-12),Sequential Art,Two,£19.92,In stock (16 available)
"Layered: Baking, Building, and Styling Spectacular Cakes",Food and Drink,One,£40.11,In stock (16 available)
Judo: Seven Steps to Black Belt (an Introductory Guide for Beginners),Add a comment,Two,£53.90,In stock (16 available)
Join,Science Fiction,Five,£35.67,In stock (16 available)
In the Country We Love: My Family Divided,Nonfiction,Four,£22.00,In stock (16 available)
Immunity: How Elie Metchnikoff Changed the Course of Modern Medicine,Science,Five,£57.36,In stock (16 available)
"I Hate Fairyland, Vol. 1: Madly Ever After (I Hate Fairyland (Compilations) #1-5)",Sequential Art,Two,£29.17,In stock (16 available)
I am a Hero Omnibus Volume 1,Sequential Art,Three,£54.63,In stock (16 available)
How to Be Miserable: 40 Strategies You Already Use,Self Help,One,£46.03,In stock (16 available)
Her Backup Boyfriend (The Sorensen Family #1),Romance,One,£33.97,In stock (16 available)
"Giant Days, Vol. 2 (Giant Days #5-8)",Sequential Art,Two,£22.11,In stock (16 available)
Forever and Forever: The Courtship of Henry Longfellow and Fanny Appleton,Historical Fiction,Three,£29.69,In stock (16 available)
First and First (Five Boroughs #3),Romance,Four,£15.97,In stock (16 available)
Fifty Shades Darker (Fifty Shades #2),Romance,One,£21.96,In stock (16 available)
Everydata: The Misinformation Hidden in the Little Data You Consume Every Day,Nonfiction,Two,£54.35,In stock (16 available)
"Don't Be a Jerk: And Other Practical Advice from Dogen, Japan's Greatest Zen Master",Religion,Two,£37.97,In stock (16 available)
Danganronpa Volume 1,Sequential Art,Four,£51.99,In stock (16 available)
Crown of Midnight (Throne of Glass #2),Fantasy,Three,£43.29,In stock (16 available)
"Codename Baboushka, Volume 1: The Conclave of Death",Sequential Art,Four,£36.72,In stock (16 available)
Camp Midnight,Sequential Art,Four,£17.08,In stock (16 available)
Call the Nurse: True Stories of a Country Nurse on a Scottish Isle,Nonfiction,Five,£29.14,In stock (16 available)
Burning,Young Adult,Three,£28.81,In stock (16 available)
Bossypants,Default,Two,£49.46,In stock (16 available)
"Bitch Planet, Vol. 1: Extraordinary Machine (Bitch Planet (Collected Editions))",Sequential Art,Two,£37.92,In stock (16 available)
"Avatar: The Last Airbender: Smoke and Shadow, Part 3 (Smoke and Shadow #3)",Fantasy,Two,£28.09,In stock (16 available)
Algorithms to Live By: The Computer Science of Human Decisions,Nonfiction,One,£30.81,In stock (16 available)
A World of Flavor: Your Gluten Free Passport,Default,One,£42.95,In stock (16 available)
"A Piece of Sky, a Grain of Rice: A Memoir in Four Meditations",Default,Five,£56.76,In stock (16 available)
A Murder in Time,Mystery,One,£16.64,In stock (16 available)
A Flight of Arrows (The Pathfinders #2),Historical Fiction,Five,£55.53,In stock (16 available)
A Fierce and Subtle Poison,Young Adult,Four,£28.13,In stock (16 available)
A Court of Thorns and Roses (A Court of Thorns and Roses #1),Fantasy,One,£52.37,In stock (16 available)
(Un)Qualified: How God Uses Broken People to Do Big Things,Christian,Five,£54.00,In stock (16 available)
You Are What You Love: The Spiritual Power of Habit,Religion,Four,£21.87,In stock (15 available)
"William Shakespeare's Star Wars: Verily, A New Hope (William Shakespeare's Star Wars #4)",Science Fiction,Four,£43.30,In stock (15 available)
Tuesday Nights in 1980,Fiction,Two,£21.04,In stock (15 available)
Tracing Numbers on a Train,Default,Three,£41.60,In stock (15 available)
Throne of Glass (Throne of Glass #1),Fantasy,Three,£35.07,In stock (15 available)
Thomas Jefferson and the Tripoli Pirates: The Forgotten War That Changed American History,History,One,£59.64,In stock (15 available)
Thirteen Reasons Why,Default,One,£52.72,In stock (15 available)
The White Cat and the Monk: A Retelling of the Poem “Pangur Bán”,Childrens,Four,£58.08,In stock (15 available)
The Wedding Dress,Romance,One,£24.12,In stock (15 available)
The Vacationers,Fiction,Four,£42.15,In stock (15 available)
The Third Wave: An Entrepreneur’s Vision of the Future,Business,Five,£12.61,In stock (15 available)
The Stranger,Philosophy,Four,£17.44,In stock (15 available)
The Shadow Hero (The Shadow Hero),Sequential Art,One,£33.14,In stock (15 available)
The Secret (The Secret #1),Default,Four,£27.37,In stock (15 available)
The Regional Office Is Under Attack!,Fiction,Five,£51.36,In stock (15 available)
The Psychopath Test: A Journey Through the Madness Industry,Default,Two,£36.00,In stock (15 available)
The Project,Science Fiction,One,£10.65,In stock (15 available)
The Power of Now: A Guide to Spiritual Enlightenment,Nonfiction,Two,£43.54,In stock (15 available)
The Omnivore's Dilemma: A Natural History of Four Meals,Nonfiction,Two,£38.21,In stock (15 available)
The Nerdy Nummies Cookbook: Sweet Treats for the Geek in All of Us,Food and Drink,Five,£37.34,In stock (15 available)
The Murder of Roger Ackroyd (Hercule Poirot #4),Mystery,Four,£44.10,In stock (15 available)
The Mistake (Off-Campus #2),New Adult,Three,£43.29,In stock (15 available)
The Matchmaker's Playbook (Wingmen Inc. #1),New Adult,One,£55.85,In stock (15 available)
The Love and Lemons Cookbook: An Apple-to-Zucchini Celebration of Impromptu Cooking,Food and Drink,Two,£37.60,In stock (15 available)
The Long Shadow of Small Ghosts: Murder and Memory in an American City,Crime,One,£10.97,In stock (15 available)
The Kite Runner,Default,Four,£41.82,In stock (15 available)
The House by the Lake,Historical Fiction,One,£36.95,In stock (15 available)
The Glittering Court (The Glittering Court #1),Fantasy,One,£44.28,In stock (15 available)
The Girl on the Train,Default,Two,£55.02,In stock (15 available)
The Genius of Birds,Nonfiction,One,£17.24,In stock (15 available)
The Emerald Mystery,Default,Two,£23.15,In stock (15 available)
The Cookies & Cups Cookbook: 125+ sweet & savory recipes reminding you to Always Eat Dessert First,Food and Drink,One,£41.25,In stock (15 available)
The Bridge to Consciousness: I'm Writing the Bridge Between Science and Our Old and New Beliefs.,Default,Three,£32.00,In stock (15 available)
The Artist's Way: A Spiritual Path to Higher Creativity,Nonfiction,Five,£38.49,In stock (15 available)
The Art of War,Default,Five,£33.34,In stock (15 available)
The Argonauts,Autobiography,Two,£10.93,In stock (15 available)
The 10% Entrepreneur: Live Your Startup Dream Without Quitting Your Day Job,Business,Three,£27.55,In stock (15 available)
Suddenly in Love (Lake Haven #1),Romance,Two,£55.99,In stock (15 available)
Something More Than This,Romance,Four,£16.24,In stock (15 available)
Soft Apocalypse,Science Fiction,Two,£26.12,In stock (15 available)
So You've Been Publicly Shamed,Nonfiction,Two,£12.23,In stock (15 available)
Shoe Dog: A Memoir by the Creator of NIKE,Business,Two,£23.99,In stock (15 available)
"Shobu Samurai, Project Aryoku (#3)",Add a comment,Three,£29.06,In stock (15 available)
Secrets and Lace (Fatal Hearts #1),Default,One,£20.27,In stock (15 available)
Scarlett Epstein Hates It Here,Young Adult,Five,£43.55,In stock (15 available)
Romero and Juliet: A Tragic Tale of Love and Zombies,Default,One,£36.94,In stock (15 available)
Redeeming Love,Christian Fiction,Five,£20.47,In stock (15 available)
Poses for Artists Volume 1 - Dynamic and Sitting Poses: An Essential Reference for Figure Drawing and the Human Form,Default,One,£41.06,In stock (15 available)
Poems That Make Grown Women Cry,Poetry,Four,£14.19,In stock (15 available)
"Nightingale, Sing",Young Adult,One,£38.28,In stock (15 available)
Night Sky with Exit Wounds,Poetry,One,£41.05,In stock (15 available)
Mrs. Houdini,Historical Fiction,Five,£30.25,In stock (15 available)
Modern Romance,Add a comment,Five,£28.26,In stock (15 available)
Miss Peregrine’s Home for Peculiar Children (Miss Peregrine’s Peculiar Children #1),Default,One,£10.76,In stock (15 available)
Louisa: The Extraordinary Life of Mrs. Adams,Biography,Two,£16.85,In stock (15 available)
Little Red,Childrens,Three,£13.47,In stock (15 available)
Library of Souls (Miss Peregrine’s Peculiar Children #3),Young Adult,Five,£48.56,In stock (15 available)
Large Print Heart of the Pride,Default,Two,£19.15,In stock (15 available)
I Had a Nice Time And Other Lies...: How to find love & sh*t like that,Womens Fiction,Four,£57.36,In stock (15 available)
Hollow City (Miss Peregrine’s Peculiar Children #2),Fantasy,One,£42.98,In stock (15 available)
Grumbles,Default,Two,£22.16,In stock (15 available)
Full Moon over Noah’s Ark: An Odyssey to Mount Ararat and Beyond,Travel,Four,£49.43,In stock (15 available)
Frostbite (Vampire Academy #2),Young Adult,Five,£29.99,In stock (15 available)
Follow You Home,Horror,One,£21.36,In stock (15 available)
First Steps for New Christians (Print Edition),Default,One,£29.00,In stock (15 available)
Finders Keepers (Bill Hodges Trilogy #2),Fiction,Five,£53.53,In stock (15 available)
"Fables, Vol. 1: Legends in Exile (Fables #1)",Sequential Art,Four,£41.62,In stock (15 available)
Eureka Trivia 6.0,Default,Four,£54.59,In stock (15 available)
Drive: The Surprising Truth About What Motivates Us,Default,Four,£34.95,In stock (15 available)
Done Rubbed Out (Reightman & Bailey #1),Default,Five,£37.72,In stock (15 available)
Doing It Over (Most Likely To #1),Romance,Three,£35.61,In stock (15 available)
"Deliciously Ella Every Day: Quick and Easy Recipes for Gluten-Free Snacks, Packed Lunches, and Simple Meals",Food and Drink,Three,£42.16,In stock (15 available)
Dark Notes,Erotica,Five,£19.19,In stock (15 available)
"Daring Greatly: How the Courage to Be Vulnerable Transforms the Way We Live, Love, Parent, and Lead",Nonfiction,Three,£19.43,In stock (15 available)
Close to You,Christian Fiction,Four,£49.46,In stock (15 available)
Chasing Heaven: What Dying Taught Me About Living,Spirituality,Two,£37.80,In stock (15 available)
Big Magic: Creative Living Beyond Fear,Nonfiction,Three,£30.80,In stock (15 available)
Becoming Wise: An Inquiry into the Mystery and Art of Living,Nonfiction,Two,£27.43,In stock (15 available)
Beauty Restored (Riley Family Legacy Novellas #3),Default,Two,£11.11,In stock (15 available)
Batman: The Long Halloween (Batman),Sequential Art,Two,£36.50,In stock (15 available)
Batman: The Dark Knight Returns (Batman),Sequential Art,Five,£15.38,In stock (15 available)
Ayumi's Violin,Default,Two,£15.48,In stock (15 available)
Anonymous,Default,Four,£46.82,In stock (15 available)
Amy Meets the Saints and Sages,Default,Three,£18.46,In stock (15 available)
Amid the Chaos,Cultural,One,£36.58,In stock (15 available)
Amatus,Default,Five,£50.54,In stock (15 available)
Agnostic: A Spirited Manifesto,Nonfiction,Five,£12.51,In stock (15 available)
Zealot: The Life and Times of Jesus of Nazareth,History,Three,£24.70,In stock (14 available)
You (You #1),Thriller,Five,£43.61,In stock (14 available)
"Wonder Woman: Earth One, Volume One (Wonder Woman: Earth One #1)",Sequential Art,Four,£37.34,In stock (14 available)
Wild Swans,Young Adult,Two,£14.36,In stock (14 available)
Why the Right Went Wrong: Conservatism--From Goldwater to the Tea Party and Beyond,Politics,Four,£52.65,In stock (14 available)
